City_ID,City,Lat,Lng,Max Temp,Humidity,Cloudiness,Wind Speed,Country,Date
0,ushuaia,-54.8,-68.3,9.79,92,93,2.32,AR,1679758521
1,torbay,47.6666,-52.7314,1.05,96,100,16.99,CA,1679758552
2,purpe,64.4803,76.6897,-3.55,94,100,4.13,RU,1679758552
3,bethel,41.3712,-73.414,5.67,79,100,6.17,US,1679758552
4,victoria,22.2855,114.1577,21.81,95,99,0.45,HK,1679758266
5,nikolskoye,59.7035,30.7861,2.94,84,100,4.77,RU,1679758552
6,upernavik,72.7868,-56.1549,-23.12,80,23,1.46,GL,1679758552
7,mahuva,21.0914,71.7622,25.24,49,1,5.43,IN,1679758553
8,ribeira grande,38.5167,-28.7,15.43,82,75,8.05,PT,1679758553
9,tarabuco,-19.1667,-64.9167,14.82,59,66,2.93,BO,1679758553
10,maniitsoq,65.4167,-52.9,-10.37,75,41,2.06,GL,1679758553
11,balotra,25.8333,72.2333,27.43,25,10,3.7,IN,1679758553
12,vaini,-21.2,-175.2,26.09,94,75,3.6,TO,1679758553
13,vestmannaeyjar,63.4427,-20.2734,3.55,52,100,4.63,IS,1679758553
14,mataura,-46.1927,168.8643,14.15,77,99,1.98,NZ,1679758554
15,puerto escondido,15.85,-97.0667,28.46,78,0,1.54,MX,1679758554
16,mount isa,-20.7333,139.5,20.87,78,0,0.0,AU,1679758554
17,khatanga,71.9667,102.5,-14.94,93,100,6.19,RU,1679758554
18,banepa,27.6298,85.5214,17.29,67,20,1.54,NP,1679758554
19,pak phanang,8.3511,100.202,27.01,76,1,2.85,TH,1679758554
20,hilo,19.7297,-155.09,22.38,82,40,3.09,US,1679758554
21,cidreira,-30.1811,-50.2056,26.01,71,67,7.16,BR,1679758554
22,bolshaya rechka,51.9503,104.7355,-0.85,90,100,0.39,RU,1679758555
23,saskylakh,71.9167,114.0833,-17.06,95,97,3.3,RU,1679758555
24,coahuayana,18.7333,-103.6833,28.54,46,100,1.93,MX,1679758555
25,riyadh,24.6877,46.7219,29.08,17,79,8.05,SA,1679758424
26,ilo,-17.6394,-71.3375,25.48,65,0,3.09,PE,1679758555
27,georgetown,5.4112,100.3354,26.96,94,40,0.51,MY,1679758300
28,mar del plata,-38.0023,-57.5575,26.57,78,40,2.57,AR,1679758268
29,klaksvik,62.2266,-6.589,0.51,65,100,9.73,FO,1679758556
30,deputatskiy,69.3,139.9,-18.58,96,100,1.67,RU,1679758556
31,hermanus,-34.4187,19.2345,18.22,88,61,7.66,ZA,1679758556
32,busselton,-33.65,115.3333,18.63,78,96,6.34,AU,1679758556
33,albany,42.6001,-73.9662,3.35,84,100,1.34,US,1679758556
34,los llanos de aridane,28.6585,-17.9182,20.86,73,0,5.14,ES,1679758556
35,choix,26.7092,-108.3219,23.45,10,2,0.74,MX,1679758556
36,arraial do cabo,-22.9661,-42.0278,29.98,78,20,6.69,BR,1679758556
37,fuyu,45.1833,124.8167,-2.35,41,34,1.0,CN,1679758557
38,ixtapa,20.7,-105.2,19.57,68,20,3.09,MX,1679758557
39,dingle,10.9995,122.6711,25.1,86,37,3.47,PH,1679758557
40,qovlar,40.948,45.735,15.06,50,94,2.18,AZ,1679758557
41,butaritari,3.0707,172.7902,26.87,82,50,6.94,KI,1679758557
42,kapaa,22.0752,-159.319,24.18,90,75,4.63,US,1679758557
43,fort nelson,58.8053,-122.7002,-1.7,95,75,1.03,CA,1679758557
44,nome,64.5011,-165.4064,-13.96,85,100,10.8,US,1679758557
45,punta arenas,-53.15,-70.9167,11.06,54,40,14.92,CL,1679758558
46,riachao,-7.3619,-46.6172,29.25,59,51,2.4,BR,1679758558
47,huarmey,-10.0681,-78.1522,25.66,71,100,3.53,PE,1679758558
48,atbasar,51.8,68.3333,1.15,100,100,3.53,KZ,1679758558
49,bluff,-46.6,168.3333,14.33,66,99,11.64,NZ,1679758558
50,port alfred,-33.5906,26.891,20.66,84,79,0.89,ZA,1679758558
51,chokurdakh,70.6333,147.9167,-34.57,100,10,1.43,RU,1679758558
52,saint-avertin,47.3636,0.7399,13.1,68,75,7.72,FR,1679758558
53,bambous virieux,-20.3428,57.7575,27.14,78,75,1.54,MU,1679758559
54,maceio,-9.6658,-35.7353,31.69,62,75,4.63,BR,1679758512
55,dikson,73.5069,80.5464,-20.25,99,100,3.43,RU,1679758559
56,east london,-33.0153,27.9116,20.52,83,0,4.12,ZA,1679758559
57,galesong,-5.3166,119.3661,24.01,83,100,1.21,ID,1679758559
58,sabha,27.0377,14.4283,23.97,14,0,4.1,LY,1679758559
59,san cristobal,7.7669,-72.225,18.1,33,86,3.15,VE,1679758559
60,rikitea,-23.1203,-134.9692,24.45,86,100,4.6,PF,1679758559
61,pacific grove,36.6177,-121.9166,8.01,80,20,5.81,US,1679758559
62,sinegorye,62.0788,150.477,-28.87,71,1,2.22,RU,1679758560
63,aksarayskiy,46.7924,48.0119,17.7,30,2,4.37,RU,1679758560
64,hobart,-42.8794,147.3294,11.14,85,75,3.6,AU,1679758560
65,mweka,-4.85,21.5667,22.85,93,96,0.55,CD,1679758560
66,ancud,-41.8697,-73.8203,13.53,53,0,2.0,CL,1679758560
67,jamestown,42.097,-79.2353,8.17,95,100,9.77,US,1679758560
68,saint-philippe,-21.3585,55.7679,25.77,85,64,3.69,RE,1679758560
69,salalah,17.0151,54.0924,27.05,78,20,2.57,OM,1679758561
70,atuona,-9.8,-139.0333,26.93,75,7,6.62,PF,1679758561
71,katsuura,35.1333,140.3,14.27,83,100,5.37,JP,1679758561
72,kavaratti,10.5669,72.642,27.78,70,91,4.5,IN,1679758561
73,hambantota,6.1241,81.1185,26.19,100,20,1.03,LK,1679758561
74,qaanaaq,77.484,-69.3632,-21.25,68,7,2.21,GL,1679758561
75,tura,25.5198,90.2201,21.67,60,24,1.78,IN,1679758561
76,marzuq,14.4,46.4667,24.47,63,100,3.67,YE,1679758561
77,agadez,19.75,10.25,27.57,8,1,5.86,NE,1679758561
78,weiser,44.251,-116.9693,2.11,79,70,0.71,US,1679758562
79,cayenne,4.9333,-52.3333,30.02,66,75,5.14,GF,1679758562
80,viedma,-40.8135,-62.9967,19.13,47,1,8.96,AR,1679758562
81,kodiak,57.79,-152.4072,3.73,65,75,5.14,US,1679758562
82,tuy hoa,13.0833,109.3,22.38,89,6,1.4,VN,1679758562
83,matata,-37.8833,176.75,13.25,91,16,2.39,NZ,1679758562
84,tsabong,-26.0217,22.401,29.19,33,58,4.18,BW,1679758562
85,sakakah,29.9697,40.2064,19.76,37,98,3.79,SA,1679758362
86,kichmengskiy gorodok,59.9816,45.7854,3.66,98,100,5.08,RU,1679758409
87,qasigiannguit,68.8193,-51.1922,-9.86,90,33,1.18,GL,1679758563
88,bowling green,36.9903,-86.4436,19.41,68,20,8.23,US,1679758563
89,tiksi,71.6872,128.8694,-22.55,100,37,3.38,RU,1679758563
90,ilulissat,69.2167,-51.1,-9.99,52,75,4.12,GL,1679758564
91,salamiyah,35.0113,37.0532,15.49,79,100,6.56,SY,1679758519
92,bengkulu,-3.8004,102.2655,25.69,88,100,2.63,ID,1679758564
93,el prat de llobregat,41.3278,2.0947,20.32,63,0,5.66,ES,1679758564
94,sao filipe,14.8961,-24.4956,21.5,71,49,3.4,CV,1679758564
95,vao,-22.6667,167.4833,24.54,87,99,8.06,NC,1679758564
96,russell,32.3502,-85.1999,25.6,88,0,0.0,US,1679758564
97,chicama,-7.8447,-79.1469,26.3,58,33,3.69,PE,1679758564
98,mecca,21.4267,39.8261,29.78,42,54,8.16,SA,1679758565
99,tanete,-3.9443,119.7848,23.66,96,100,0.64,ID,1679758565
100,mehamn,71.0357,27.8492,-8.05,67,20,3.6,NO,1679758565
101,novikovo,51.1537,37.8879,12.13,72,100,3.56,RU,1679758565
102,nova russas,-4.7067,-40.5631,30.58,55,69,1.67,BR,1679758565
103,altayskoye,51.9533,85.3325,-1.06,95,94,1.7,RU,1679758565
104,lakes entrance,-37.8811,147.981,14.53,79,99,1.07,AU,1679758565
105,san benito,36.6166,-121.0844,0.32,85,11,2.26,US,1679758565
106,mehriz,31.5917,54.4318,19.28,23,36,1.84,IR,1679758565
107,bamako,12.65,-8.0,37.23,10,2,3.6,ML,1679758436
108,alexandria,31.2156,29.9553,17.08,78,5,8.4,EG,1679758329
109,san quintin,30.4833,-115.95,13.27,69,0,6.35,MX,1679758566
110,siparia,10.1333,-61.5,29.9,60,100,3.67,TT,1679758566
111,lagoa,39.05,-27.9833,13.99,77,65,8.78,PT,1679758566
112,te anau,-45.4167,167.7167,7.68,90,68,1.15,NZ,1679758566
113,merauke,-8.4667,140.3333,26.04,85,46,2.77,ID,1679758566
114,zhigansk,66.7697,123.3711,-8.39,96,100,4.53,RU,1679758566
115,korla,41.7597,86.1469,11.69,24,1,0.83,CN,1679758566
116,avarua,-21.2078,-159.775,25.03,100,40,0.51,CK,1679758567
117,olafsvik,64.8945,-23.7142,-1.86,63,79,5.95,IS,1679758567
118,tizimin,21.15,-88.15,31.73,45,0,6.14,MX,1679758567
119,mangochi,-14.4782,35.2645,22.62,84,73,2.19,MW,1679758567
120,kalmunai,7.4167,81.8167,26.56,81,52,2.05,LK,1679758567
121,hamilton,39.1834,-84.5333,17.35,78,20,13.89,US,1679758434
122,cascais,38.6979,-9.4215,20.64,76,20,5.36,PT,1679758567
123,trairi,-3.2778,-39.2689,28.3,74,67,2.35,BR,1679758568
124,shasta lake,40.6804,-122.3708,4.86,53,76,1.87,US,1679758568
125,cabo san lucas,22.8909,-109.9124,20.9,64,20,0.0,MX,1679758568
126,norman wells,65.282,-126.8329,-8.98,67,75,1.03,CA,1679758568
127,mahebourg,-20.4081,57.7,27.16,78,75,1.54,MU,1679758568
128,thompson,55.7435,-97.8558,-17.91,85,20,2.06,CA,1679758568
129,san diego de los banos,22.6467,-83.3697,29.9,50,13,4.89,CU,1679758569
130,lindsay,36.203,-119.0882,7.08,86,15,1.21,US,1679758569
131,kavieng,-2.5744,150.7967,27.3,74,100,2.38,PG,1679758569
132,thinadhoo,0.5333,72.9333,27.66,77,11,2.13,MV,1679758569
133,tuatapere,-46.1333,167.6833,8.84,88,86,2.18,NZ,1679758569
134,hrodna,53.6884,23.8258,11.08,72,100,4.35,BY,1679758304
135,yelkhovka,53.8667,50.2832,10.4,73,68,4.07,RU,1679758569
136,umba,66.6871,34.3429,-8.93,84,95,5.4,RU,1679758570
137,changji,44.0167,87.3167,10.44,29,0,1.0,CN,1679758570
138,beisfjord,68.3751,17.5988,-1.97,70,39,3.38,NO,1679758570
139,mao,39.8885,4.2658,18.31,45,0,3.09,ES,1679758570
140,new norfolk,-42.7826,147.0587,10.95,67,7,1.13,AU,1679758570
141,fuerte olimpo,-21.0415,-57.8738,33.24,50,14,2.43,PY,1679758570
142,yumen,40.2833,97.2,6.09,19,0,2.23,CN,1679758570
143,tomatlan,19.9333,-105.25,27.07,30,100,1.54,MX,1679758570
144,alice springs,-23.7,133.8833,21.75,30,0,0.0,AU,1679758571
145,airai,-8.9266,125.4092,15.76,95,87,0.38,TL,1679758571
146,porosozero,62.7191,32.727,-2.03,88,100,4.87,RU,1679758571
147,maragogi,-9.0122,-35.2225,28.9,69,52,4.21,BR,1679758571
148,egvekinot,66.3167,-179.1667,-14.03,96,100,3.98,RU,1679758571
149,hasaki,35.7333,140.8333,10.22,77,100,5.17,JP,1679758571
150,lasa,46.6166,10.7002,13.53,59,79,2.46,IT,1679758571
151,mount gambier,-37.8333,140.7667,10.0,87,93,2.53,AU,1679758571
152,moroni,-11.7022,43.2551,26.89,82,93,1.61,KM,1679758572
153,andenes,69.3143,16.1194,-2.01,64,100,7.72,NO,1679758572
154,namie,37.4833,141.0,9.84,85,100,0.9,JP,1679758572
155,ormara,25.2088,64.6357,24.3,68,0,6.82,PK,1679758572
156,luderitz,-26.6481,15.1594,20.72,74,0,5.24,NA,1679758572
157,nizwa,22.9333,57.5333,25.65,27,4,1.09,OM,1679758465
158,kaitangata,-46.2817,169.8464,11.2,79,93,2.48,NZ,1679758573
159,puqi,29.7167,113.8833,8.53,91,60,0.77,CN,1679758573
160,chandbali,20.7833,86.7667,26.55,77,40,5.18,IN,1679758573
161,soyo,-6.1349,12.3689,28.16,73,66,4.07,AO,1679758573
162,yellowknife,62.456,-114.3525,-24.69,64,40,3.6,CA,1679758521
163,nanortalik,60.1432,-45.2371,-2.33,78,30,1.26,GL,1679758573
164,turukhansk,65.8167,87.9833,0.37,98,100,8.27,RU,1679758278
165,kupino,54.3663,77.2981,1.06,96,100,6.41,RU,1679758574
166,jalu,29.0331,21.5482,22.66,27,0,7.16,LY,1679758574
167,kununurra,-15.7667,128.7333,25.99,89,99,0.0,AU,1679758574
168,tera,14.0078,0.7531,38.15,5,57,0.9,NE,1679758574
169,cariamanga,-4.3333,-79.55,16.43,80,93,1.44,EC,1679758574
170,port blair,11.6667,92.75,28.02,74,40,1.54,IN,1679758574
171,puerto ayora,-0.7393,-90.3518,29.98,87,42,1.79,EC,1679758575
172,dwarka,22.2394,68.9678,24.86,63,0,4.4,IN,1679758575
173,mayna,54.1135,47.6231,9.84,72,47,5.05,RU,1679758575
174,caravelas,-17.7125,-39.2481,29.92,59,12,3.75,BR,1679758575
175,ossora,59.2353,163.0719,-15.84,78,100,1.65,RU,1679758575
176,bredasdorp,-34.5322,20.0403,20.11,76,10,9.2,ZA,1679758575
177,provideniya,64.3833,-173.3,-11.02,96,100,6.54,RU,1679758575
178,amli,20.2833,73.0167,23.23,54,3,1.62,IN,1679758575
179,sitka,57.0531,-135.33,1.94,93,100,1.54,US,1679758576
180,kirksville,40.1948,-92.5833,6.01,88,40,4.12,US,1679758576
181,sao joao da barra,-21.6403,-41.0511,32.05,67,1,3.46,BR,1679758576
182,taywarah,33.35,64.4167,4.17,79,94,1.87,AF,1679758576
183,areia branca,-4.9561,-37.1369,32.11,65,62,5.78,BR,1679758576
184,hithadhoo,-0.6,73.0833,27.76,77,19,3.34,MV,1679758577
185,gushikawa,26.3544,127.8686,18.77,94,100,0.0,JP,1679758577
186,auki,-8.7676,160.7034,24.94,81,100,0.72,SB,1679758577
187,ahipara,-35.1667,173.1667,14.13,87,11,1.63,NZ,1679758577
188,yarmouth,41.7057,-70.2286,6.16,72,75,3.6,US,1679758577
189,takoradi,4.8845,-1.7554,29.27,67,100,3.72,GH,1679758577
190,kendari,-3.945,122.4989,24.78,93,72,0.91,ID,1679758577
191,xining,36.6167,101.7667,3.01,54,78,4.48,CN,1679758578
192,roald,62.5833,6.1333,3.51,44,0,9.77,NO,1679758578
193,kuybysheve,47.358,36.6491,9.71,80,100,4.37,UA,1679758578
194,urusha,54.05,122.9,-13.31,97,41,0.91,RU,1679758578
195,codrington,-38.2667,141.9667,11.61,81,100,2.48,AU,1679758578
196,ostrovnoy,68.0531,39.5131,-5.57,69,100,5.66,RU,1679758578
197,srednekolymsk,67.45,153.6833,-34.33,100,82,2.03,RU,1679758579
198,clyde river,70.4692,-68.5914,-26.87,76,100,0.0,CA,1679758579
199,tonota,-21.4833,27.4833,28.01,33,83,4.16,BW,1679758579
200,ganzhou,28.8184,115.4327,8.59,89,90,0.53,CN,1679758568
201,gao,16.6362,1.637,36.61,6,1,3.28,ML,1679758579
202,normandin,48.8333,-72.5321,-7.83,67,91,0.51,CA,1679758579
203,lazaro cardenas,17.9583,-102.2,26.86,63,54,2.07,MX,1679758580
204,tianpeng,30.9866,103.9393,11.26,79,32,0.57,CN,1679758580
205,tuktoyaktuk,69.4541,-133.0374,-14.0,85,75,4.63,CA,1679758580
206,esperance,-33.8667,121.9,18.9,92,98,6.09,AU,1679758580
207,haguenau,48.8156,7.7905,15.05,69,60,7.48,FR,1679758355
208,ulladulla,-35.35,150.4667,17.65,90,72,1.32,AU,1679758580
209,cape town,-33.9258,18.4232,20.62,92,75,6.69,ZA,1679758438
210,abengourou,6.7297,-3.4964,31.08,51,100,2.33,CI,1679758580
211,fort-shevchenko,44.5086,50.263,10.89,63,87,3.72,KZ,1679758580
212,kedrovyy,56.1667,91.8167,3.26,79,100,5.32,RU,1679758581
213,adzope,6.1069,-3.8619,33.75,42,100,1.46,CI,1679758581
214,namibe,-15.1961,12.1522,25.25,70,100,5.87,AO,1679758581
215,koudougou,12.25,-2.3667,37.85,6,47,1.28,BF,1679758581
216,asau,46.4333,26.4,16.51,66,95,7.31,RO,1679758581
217,anadyr,64.75,177.4833,-0.72,100,100,15.65,RU,1679758581
218,komsomolskiy,40.4272,71.7189,15.4,47,5,2.06,UZ,1679758581
219,araceli,10.5529,119.9913,27.21,85,59,4.72,PH,1679758582
220,broome,42.2506,-75.833,3.81,91,100,11.32,US,1679758582
221,new london,41.4834,-72.0662,6.18,81,100,2.68,US,1679758582
222,gigmoto,13.7796,124.39,25.77,88,25,3.3,PH,1679758582
223,matamoros,25.5333,-103.25,18.06,9,20,0.0,MX,1679758582
224,el rusio,14.4667,-86.3667,25.79,53,87,1.23,HN,1679758582
225,pangnirtung,66.1451,-65.7125,-15.0,47,100,0.0,CA,1679758582
226,bulgan,48.8125,103.5347,-9.46,84,45,1.79,MN,1679758582
227,port-cartier,50.0334,-66.8654,1.12,83,11,0.62,CA,1679758583
228,tasiilaq,65.6145,-37.6368,-9.91,89,100,3.44,GL,1679758583
229,nemuro,43.3236,145.575,0.39,83,31,5.67,JP,1679758583
230,sao geraldo do araguaia,-6.4006,-48.555,28.18,78,84,1.11,BR,1679758583
231,najran,17.4924,44.1277,31.36,23,72,7.73,SA,1679758362
232,nelson bay,-32.7167,152.15,22.78,89,40,5.36,AU,1679758583
233,baykit,61.67,96.37,-2.15,96,100,2.73,RU,1679758583
234,buta,2.7858,24.73,27.03,65,55,0.79,CD,1679758584
235,laibin,23.7,109.2667,15.5,81,100,5.16,CN,1679758584
236,whitianga,-36.8333,175.7,14.82,90,12,2.24,NZ,1679758584
237,ponta do sol,32.6667,-17.1,24.84,65,97,2.45,PT,1679758584
238,saint-leu,-21.15,55.2833,26.46,97,52,5.33,RE,1679758584
239,okhotsk,59.3833,143.3,-20.46,82,4,4.95,RU,1679758584
240,makushino,55.2103,67.2442,1.82,85,96,6.64,RU,1679758584
241,ismailia,30.6043,32.2723,21.04,52,75,7.72,EG,1679758585
242,sandakan,5.8402,118.1179,26.82,89,20,1.03,MY,1679758585
243,pevek,69.7008,170.3133,-19.08,89,100,1.74,RU,1679758585
244,gusino,54.7244,31.368,7.7,78,100,2.44,RU,1679758585
245,port lincoln,-34.7333,135.8667,18.16,69,100,6.21,AU,1679758585
246,tahta,26.7693,31.5021,23.49,39,75,10.82,EG,1679758585
247,geraldton,-28.7667,114.6,20.23,83,21,1.03,AU,1679758585
248,beckley,37.7782,-81.1882,19.94,62,0,6.17,US,1679758586
249,bage,-31.3314,-54.1069,20.4,96,100,7.39,BR,1679758586
250,afsin,38.2477,36.914,8.03,80,100,3.17,TR,1679758586
251,agirish,61.9247,63.0231,-0.32,88,99,2.32,RU,1679758586
252,ola,59.5833,151.2833,-22.7,86,2,2.48,RU,1679758587
253,talnakh,69.4865,88.3972,-16.93,91,100,3.03,RU,1679758417
254,cherskiy,68.75,161.3,-22.52,86,100,1.59,RU,1679758587
255,san-pedro,4.7485,-6.6363,28.97,67,100,3.55,CI,1679758587
256,abu kamal,34.4506,40.9171,24.28,27,100,6.33,SY,1679758587
257,quatre cocos,-20.2078,57.7625,27.06,80,46,4.32,MU,1679758587
258,kon tum,14.35,108.0,22.86,81,97,0.89,VN,1679758588
259,adrar,20.5022,-10.0711,33.29,8,79,5.37,MR,1679758588
260,chamouny,-20.4822,57.4661,26.57,79,93,3.35,MU,1679758588
261,trapani,37.8333,12.6667,20.71,88,20,4.63,IT,1679758439
262,hami,42.8,93.45,10.49,16,0,1.32,CN,1679758588
263,zhuhai,22.2769,113.5678,22.14,88,40,4.63,CN,1679758588
264,eureka,40.8021,-124.1637,3.85,97,92,0.89,US,1679758588
265,zalantun,48.0,122.7167,-4.84,52,25,3.21,CN,1679758588
266,lebu,-37.6167,-73.65,15.4,69,0,8.93,CL,1679758588
267,paamiut,61.994,-49.6678,-5.69,67,16,3.08,GL,1679758589
268,athabasca,54.7169,-113.2854,-5.77,92,100,2.31,CA,1679758589
269,napier,-39.4833,176.9167,15.16,76,69,0.45,NZ,1679758589
270,harnosand,62.6323,17.9379,-2.0,76,100,2.4,SE,1679758346
271,kupang,-10.1667,123.5833,25.37,87,65,2.42,ID,1679758589
272,college,64.8569,-147.8028,-15.79,75,40,0.0,US,1679758589
273,lanzhou,36.0564,103.7922,9.39,38,72,2.44,CN,1679758590
274,dong hoi,17.4833,106.6,23.67,95,37,0.99,VN,1679758590
275,port hedland,-20.3167,118.5667,28.03,94,87,0.0,AU,1679758590
276,fonte boa,-2.4959,-66.2662,29.98,72,89,0.87,BR,1679758590
277,lucea,18.451,-78.1736,28.92,68,1,6.62,JM,1679758590
278,tiarei,-17.5333,-149.3333,24.01,74,96,3.79,PF,1679758591
279,curup,-3.4667,102.5333,20.86,98,100,0.32,ID,1679758591
280,vladesti,45.1167,24.3,14.82,63,100,2.9,RO,1679758591
281,souillac,-20.5167,57.5167,27.21,78,75,1.54,MU,1679758591
282,la ronge,55.1001,-105.2842,-11.86,52,75,0.0,CA,1679758591
283,san patricio,28.017,-97.5169,26.06,22,0,6.2,US,1679758591
284,revelstoke,50.9832,-118.2023,-0.99,93,75,1.03,CA,1679758591
285,angoche,-16.2325,39.9086,25.93,84,84,4.63,MZ,1679758591
286,antofagasta,-23.65,-70.4,22.6,62,2,3.49,CL,1679758592
287,lorengau,-2.0226,147.2712,27.16,71,100,2.03,PG,1679758592
288,barrow,71.2906,-156.7887,-16.99,78,100,9.77,US,1679758592
289,hofn,64.2539,-15.2082,-0.7,58,46,3.97,IS,1679758592
290,poum,-20.2333,164.0167,26.23,79,100,3.37,NC,1679758592
291,guerrero negro,27.9769,-114.0611,14.66,65,53,8.34,MX,1679758592
292,oranjestad,12.524,-70.027,28.97,71,40,9.26,AW,1679758592
293,rancharia,-22.2292,-50.8931,27.98,66,5,2.21,BR,1679758592
294,wahiawa,21.5028,-158.0236,21.59,82,100,2.39,US,1679758593
295,tautira,-17.7333,-149.15,26.81,77,93,3.3,PF,1679758593
296,kutum,14.2,24.6667,28.81,16,25,6.7,SD,1679758593
297,carnarvon,-24.8667,113.6333,23.78,79,4,8.4,AU,1679758593
298,lafayette,30.2335,-92.0668,25.59,81,75,2.57,US,1679758593
299,jieshi,22.8134,115.8257,20.3,84,100,4.15,CN,1679758593
300,castro,-24.7911,-50.0119,25.75,62,66,2.73,BR,1679758593
301,coihaique,-45.5752,-72.0662,11.97,50,0,1.54,CL,1679758593
302,zeya,53.75,127.2667,-13.17,97,52,1.38,RU,1679758594
303,puerto cabezas,14.0351,-83.3888,28.98,79,40,5.14,NI,1679758594
304,chapaevsk,52.9813,49.7112,10.43,67,80,3.76,RU,1679758594
305,kahului,20.8947,-156.47,24.36,88,0,4.47,US,1679758594
306,chuy,-33.6971,-53.4616,20.31,95,100,3.69,UY,1679758595
307,mokhsogollokh,61.4681,128.9203,-6.96,91,100,3.28,RU,1679758529
308,nouakchott,18.0858,-15.9785,34.96,47,36,4.93,MR,1679758595
309,sobolevo,54.4299,31.8996,7.86,75,100,1.73,RU,1679758595
310,pitimbu,-7.4706,-34.8086,30.33,69,36,4.14,BR,1679758595
311,severo-kurilsk,50.6789,156.125,-4.02,71,93,13.94,RU,1679758595
312,mancio lima,-7.6142,-72.8958,24.04,94,75,1.03,BR,1679758595
313,hobyo,5.3505,48.5268,28.81,61,79,6.32,SO,1679758595
314,mahendragarh,28.2833,76.15,23.26,32,25,3.06,IN,1679758596
315,nantucket,41.2835,-70.0995,6.16,76,100,7.72,US,1679758596
316,bonavista,48.6499,-53.1147,0.52,86,100,13.56,CA,1679758596
317,zabid,14.1951,43.3152,29.95,62,76,3.48,YE,1679758596
318,hit,33.6416,42.8251,24.64,29,100,3.77,IQ,1679758381
319,inhambane,-23.865,35.3833,27.99,74,20,4.16,MZ,1679758596
320,boa vista,2.8197,-60.6733,31.99,43,0,7.2,BR,1679758596
321,bijar,35.8668,47.6051,11.92,46,97,1.92,IR,1679758446
322,taoudenni,22.6783,-3.9836,33.32,6,22,7.44,ML,1679758596
323,monte patria,-30.6919,-70.9467,26.57,40,0,3.45,CL,1679758596
324,obo,5.3998,26.4869,27.99,53,75,2.56,CF,1679758597
325,flinders,-34.5833,150.8552,19.65,86,87,0.89,AU,1679758597
326,sabang,5.8933,95.3214,28.47,71,64,2.85,ID,1679758597
327,constitucion,-35.3333,-72.4167,21.81,49,0,6.27,CL,1679758597
328,aykhal,66.0,111.5,-19.29,100,82,2.83,RU,1679758597
329,cangzhou,38.3167,116.8667,4.42,66,0,2.44,CN,1679758597
330,kholbon,51.8833,116.25,-11.39,95,10,2.51,RU,1679758597
331,port elizabeth,-33.918,25.5701,25.05,58,0,5.14,ZA,1679758598
332,raudeberg,61.9875,5.1352,4.37,54,0,12.92,NO,1679758598
333,manggar,-2.8833,108.2667,25.9,81,97,2.95,ID,1679758598
334,iranshahr,27.2025,60.6848,27.19,18,0,2.06,IR,1679758598
335,haimen,23.1935,116.6142,18.94,90,100,4.06,CN,1679758598
336,mayo,38.8876,-76.5119,8.88,92,75,2.68,US,1679758598
337,narsaq,60.9167,-46.05,0.12,54,0,1.27,GL,1679758599
338,laguna,38.421,-121.4238,8.97,59,0,6.17,US,1679758599
339,aklavik,68.2191,-135.0107,-11.0,79,75,6.17,CA,1679758599
340,qostanay,53.1667,63.5833,1.16,86,0,4.0,KZ,1679758599
341,malakal,9.5334,31.6605,37.82,14,63,0.47,SS,1679758599
342,shar,49.5886,81.0453,-2.78,82,30,3.18,KZ,1679758600
343,saint anthony,45.0205,-93.218,3.56,62,100,3.6,US,1679758600
344,san ramon de la nueva oran,-23.1322,-64.326,30.79,55,72,1.58,AR,1679758600
345,marawi,7.9986,124.2928,20.56,95,20,0.79,PH,1679758600
346,la asuncion,11.0333,-63.8628,27.85,74,59,6.69,VE,1679758600
347,isangel,-19.55,169.2667,25.06,100,20,1.03,VU,1679758600
348,dejen,10.1667,38.1333,22.13,19,99,0.77,ET,1679758600
349,vila velha,-20.3297,-40.2925,33.3,54,0,4.63,BR,1679758600
350,lunenburg,44.3835,-64.3155,4.71,62,8,3.6,CA,1679758398
351,quelimane,-17.8786,36.8883,24.0,93,49,2.27,MZ,1679758601
352,inuvik,68.3499,-133.7218,-11.44,85,100,4.63,CA,1679758601
353,chavakkad,10.5333,76.05,27.6,75,32,1.81,IN,1679758601
354,tecoanapa,16.5167,-98.75,27.49,59,45,2.1,MX,1679758601
355,dukat,62.55,155.55,-26.94,96,100,2.7,RU,1679758601
356,sisimiut,66.9395,-53.6735,-12.54,79,56,2.0,GL,1679758601
357,yaan,7.3833,8.5667,35.27,32,25,2.24,NG,1679758602
358,matias barbosa,-21.8692,-43.3194,32.21,55,75,0.79,BR,1679758602
359,iqaluit,63.7506,-68.5145,-16.15,84,100,0.0,CA,1679758602
360,rio grande,-32.035,-52.0986,24.06,91,100,5.6,BR,1679758602
361,koumac,-20.5667,164.2833,25.34,83,100,1.27,NC,1679758602
362,ust-karsk,52.7011,118.8077,-13.73,98,70,1.78,RU,1679758602
363,yar-sale,66.8333,70.8333,-21.09,96,79,0.49,RU,1679758602
364,iwanai,42.9744,140.5089,0.92,85,99,1.7,JP,1679758602
365,caxito,-8.5785,13.6643,28.97,64,66,4.64,AO,1679758603
366,savelugu,9.6244,-0.8253,37.14,23,100,1.26,GH,1679758603
367,beloha,-25.1667,45.05,22.32,78,40,8.79,MG,1679758603
368,shelbyville,35.4834,-86.4603,21.14,67,0,6.17,US,1679758603
369,nouadhibou,20.931,-17.0347,21.68,62,0,7.36,MR,1679758603
370,banjar,-8.19,114.9675,25.6,89,100,0.48,ID,1679758603
371,san policarpo,12.1791,125.5072,26.53,85,9,3.81,PH,1679758603
372,grindavik,63.8424,-22.4338,1.97,59,40,5.14,IS,1679758604
373,comodoro rivadavia,-45.8667,-67.5,16.92,23,0,4.12,AR,1679758604
374,morant bay,17.8815,-76.4093,29.84,63,6,5.15,JM,1679758604
375,saldanha,-33.0117,17.9442,21.03,88,38,4.32,ZA,1679758604
376,lavrentiya,65.5833,-171.0,-12.84,96,100,5.0,RU,1679758604
377,graham,47.0529,-122.2943,3.14,89,100,0.89,US,1679758604
378,moranbah,-22.0016,148.0466,21.73,77,1,3.57,AU,1679758604
379,mattru,7.6244,-11.8332,37.79,31,98,1.35,SL,1679758604
380,necochea,-38.5473,-58.7368,23.2,65,13,6.69,AR,1679758394
381,coos bay,43.3665,-124.2179,5.99,84,40,3.6,US,1679758605
382,vila franca do campo,37.7167,-25.4333,14.23,86,100,4.19,PT,1679758605
383,touros,-5.1989,-35.4608,30.09,61,47,3.94,BR,1679758605
384,neuquen,-38.9516,-68.0591,20.94,30,0,3.6,AR,1679758531
385,rocha,-34.4833,-54.3333,19.71,97,100,4.45,UY,1679758605
386,erdenet,49.0333,104.0833,-9.53,85,87,0.96,MN,1679758606
387,tutoia,-2.7619,-42.2744,27.45,81,84,3.36,BR,1679758606
388,changying,52.8733,123.3213,-11.97,92,36,2.33,CN,1679758606
389,uzyn,49.8262,30.4149,16.61,47,99,5.66,UA,1679758606
390,tripoli,32.8752,13.1875,19.68,59,37,5.47,LY,1679758606
391,trelew,-43.249,-65.3051,17.26,35,0,4.57,AR,1679758377
392,marsh harbour,26.5412,-77.0636,24.78,68,0,4.19,BS,1679758606
393,kirchheim,50.8333,9.5667,11.88,80,89,6.92,DE,1679758607
394,port hardy,50.6996,-127.4199,5.0,100,100,3.6,CA,1679758607
395,resplendor,-19.3256,-41.2553,33.4,40,3,0.59,BR,1679758607
396,aquiraz,-3.9014,-38.3911,30.05,69,44,2.73,BR,1679758607
397,vilyuysk,63.7553,121.6247,-3.6,95,100,3.85,RU,1679758607
398,port macquarie,-31.4333,152.9167,18.27,82,90,0.67,AU,1679758607
399,faanui,-16.4833,-151.75,27.59,73,100,3.81,PF,1679758607
400,baghdad,33.3406,44.4009,25.95,38,0,3.6,IQ,1679758341
401,kintampo,8.0563,-1.7306,35.7,26,34,0.96,GH,1679758608
402,itacoatiara,-3.1431,-58.4442,27.41,80,90,1.86,BR,1679758494
403,mazabuka,-15.856,27.748,21.62,74,12,1.35,ZM,1679758608
404,rorvik,64.8621,11.2373,0.06,47,32,1.03,NO,1679758608
405,rognan,67.0953,15.3878,-0.92,78,46,3.31,NO,1679758401
406,longyearbyen,78.2186,15.6401,-16.09,55,20,2.57,SJ,1679758608
407,beyneu,45.3167,55.2,16.87,18,100,3.06,KZ,1679758608
408,atambua,-9.1061,124.8925,22.81,90,86,1.46,ID,1679758608
409,namatanai,-3.6667,152.4333,25.83,80,99,0.91,PG,1679758609
410,amapa,1.0,-52.0,26.19,91,97,1.06,BR,1679758609
411,tarko-sale,64.9225,77.785,-9.81,94,95,4.25,RU,1679758435
412,dawei,14.0833,98.2,23.3,89,1,0.88,MM,1679758610
413,davila,18.4726,120.5763,26.99,81,0,0.88,PH,1679758610
414,grand-santi,4.25,-54.3833,32.84,42,89,1.58,GF,1679758610
415,batagay,67.6333,134.6333,-18.05,99,100,0.68,RU,1679758610
416,lompoc,34.6391,-120.4579,9.88,71,0,9.39,US,1679758610
417,alofi,-19.0595,-169.9187,24.94,100,100,1.54,NU,1679758611
418,lima,-12.0432,-77.0282,25.14,78,0,3.6,PE,1679758402
419,bandarbeyla,9.4942,50.8122,27.65,73,83,4.49,SO,1679758611
420,honningsvag,70.9821,25.9704,-5.14,80,100,1.54,NO,1679758611
421,sokolo,14.7328,-6.1219,37.61,6,0,3.34,ML,1679758611
422,hay river,60.8156,-115.7999,-23.01,77,20,4.63,CA,1679758611
423,caloto,3.0359,-76.4079,24.56,71,69,0.83,CO,1679758611
424,baltasi,56.3462,50.2062,6.03,83,91,7.27,RU,1679758611
425,grand gaube,-20.0064,57.6608,27.22,74,27,1.34,MU,1679758612
426,sri aman,1.2376,111.4621,24.03,100,100,0.0,MY,1679758612
427,ahuimanu,21.4447,-157.8378,23.25,83,0,3.6,US,1679758612
428,berlevag,70.8578,29.0864,-8.03,67,40,4.63,NO,1679758612
429,bahia blanca,-38.7196,-62.2724,22.68,53,26,4.02,AR,1679758612
430,catanzaro,38.8908,16.5987,21.18,62,41,6.12,IT,1679758429
431,darnah,32.767,22.6367,16.77,71,0,10.74,LY,1679758612
432,vilanova del cami,41.5717,1.6375,21.21,59,50,4.02,ES,1679758613
433,koungou,-12.7336,45.2042,27.84,83,75,6.17,YT,1679758613
434,camacha,33.0833,-16.3333,17.68,68,20,5.14,PT,1679758613
435,leningradskiy,69.3833,178.4167,-19.01,94,100,5.72,RU,1679758613
436,diu,20.7141,70.9822,23.62,61,1,5.93,IN,1679758613
437,talara,-4.5772,-81.2719,28.42,69,40,3.6,PE,1679758613
438,sontra,51.0667,9.9333,11.72,74,78,7.09,DE,1679758613
439,limbang,4.75,115.0,27.06,98,92,1.28,MY,1679758614
440,adre,13.4667,22.2,33.9,15,25,4.11,TD,1679758614
441,sterling,39.0062,-77.4286,7.0,96,100,1.34,US,1679758614
442,manokwari,-0.8667,134.0833,25.16,86,100,3.23,ID,1679758354
443,san vicente,-26.6167,-54.1333,31.18,38,66,2.98,AR,1679758614
444,gornopravdinsk,60.05,69.9,4.48,97,100,3.36,RU,1679758614
445,wagar,16.1525,36.2032,36.79,9,90,6.28,SD,1679758614
446,ovalle,-30.5983,-71.2003,25.04,48,0,3.04,CL,1679758562
447,mujiayingzi,42.1167,118.7833,-3.62,21,0,1.51,CN,1679758615
448,southbridge,42.0751,-72.0334,4.96,82,100,3.58,US,1679758615
449,kainantu,-6.2887,145.8655,15.37,97,98,1.18,PG,1679758615
450,reftinskiy,57.0901,61.6769,3.36,97,100,4.18,RU,1679758615
451,fortuna,40.5982,-124.1573,3.7,96,81,0.45,US,1679758615
452,illapel,-31.6308,-71.1653,27.51,31,0,3.19,CL,1679758615
453,noumea,-22.2763,166.4572,26.11,99,98,2.78,NC,1679758615
454,omboue,-1.5746,9.2618,28.49,68,41,4.16,GA,1679758615
455,tual,-5.6667,132.75,28.45,76,98,3.62,ID,1679758616
456,hare bay,48.8499,-54.0148,3.64,90,91,8.27,CA,1679758616
457,bathsheba,13.2167,-59.5167,29.34,58,40,10.8,BB,1679758616
458,benghazi,32.1167,20.0667,17.34,66,0,6.46,LY,1679758593
459,fairbanks,64.8378,-147.7164,-15.78,76,0,0.0,US,1679758437
460,minyar,55.0709,57.5485,3.68,99,100,2.79,RU,1679758616
461,aitape,-3.1374,142.3475,25.02,89,50,1.37,PG,1679758616
462,kruisfontein,-34.0033,24.7314,23.82,55,0,1.46,ZA,1679758616
463,palana,59.1167,159.9667,-17.09,91,100,3.31,RU,1679758616
464,pangai,-19.8,-174.35,26.91,84,100,6.19,TO,1679758617
465,prachuap khiri khan,12.2167,99.75,23.22,75,52,1.95,TH,1679758511
466,petrivka,46.9695,30.9591,10.46,72,91,7.6,UA,1679758617
467,samarai,-10.6167,150.6667,26.55,78,95,2.28,PG,1679758617
468,chaozhou,23.6651,116.6379,18.92,90,100,0.69,CN,1679758617
469,skjervoy,70.0311,20.9714,-8.0,40,45,3.24,NO,1679758617
470,sungaipenuh,-2.0833,101.3833,18.59,95,100,1.28,ID,1679758618
471,cockburn town,21.4612,-71.1419,24.98,65,40,6.69,TC,1679758618
472,farafangana,-22.8167,47.8333,24.22,81,56,4.15,MG,1679758618
473,birin,26.8865,88.0718,14.64,62,75,2.13,NP,1679758618
474,mitsamiouli,-11.3847,43.2844,27.63,79,74,4.29,KM,1679758618
475,petropavlovsk-kamchatskiy,53.0452,158.6483,-10.67,57,0,3.0,RU,1679758618
476,watsa,3.0372,29.5355,23.62,64,65,1.0,CD,1679758618
477,broken hill,-31.95,141.4333,17.44,35,99,4.02,AU,1679758618
478,yulara,-25.2406,130.9889,23.45,22,2,1.98,AU,1679758619
479,minab,27.1467,57.0801,23.9,51,0,2.15,IR,1679758619
480,high level,58.5169,-117.136,-8.94,79,75,2.57,CA,1679758619
481,mikuni,36.2171,136.1519,9.95,92,100,0.31,JP,1679758619
482,moctezuma,29.8,-109.6667,15.5,26,0,1.09,MX,1679758619
483,tyukalinsk,55.8732,72.1967,1.37,95,99,6.62,RU,1679758619
484,paita,-5.0892,-81.1144,27.7,69,43,2.71,PE,1679758620
485,merzifon,40.8733,35.4631,14.7,36,20,0.0,TR,1679758620
486,baker city,44.7749,-117.8344,-2.45,84,100,1.54,US,1679758620
487,statesville,35.7826,-80.8873,18.57,63,100,4.12,US,1679758620
488,mogadishu,2.0371,45.3438,28.93,89,40,5.14,SO,1679758414
489,traralgon,-38.1833,146.5333,12.22,89,95,0.6,AU,1679758620
490,havre-saint-pierre,50.2334,-63.5986,1.2,60,0,3.09,CA,1679758620
491,kaili,-3.4626,120.2147,19.74,91,100,1.76,ID,1679758620
492,cap-aux-meules,47.3821,-61.8597,0.03,86,20,7.72,CA,1679758620
493,bambanglipuro,-7.95,110.2833,25.58,88,100,2.74,ID,1679758621
494,abu dhabi,24.4667,54.3667,24.97,67,0,3.09,AE,1679758476
495,vierzon,47.2101,2.0625,14.37,69,100,6.18,FR,1679758621
496,tooele,40.5308,-112.2983,-2.1,57,57,2.68,US,1679758621
497,pochutla,15.7432,-96.4661,28.79,45,2,3.58,MX,1679758621
498,dennery,13.8996,-60.8879,29.05,72,20,12.86,LC,1679758622
499,zonguldak,41.25,31.8333,10.48,79,45,1.04,TR,1679758622
500,puerto madryn,-42.7692,-65.0385,17.29,37,0,5.97,AR,1679758392
501,monterey,36.2505,-121.2516,3.84,68,4,3.11,US,1679758622
502,seymchan,62.8833,152.4333,-34.05,94,14,0.48,RU,1679758622
503,usinsk,65.9939,57.5281,-6.61,94,99,4.91,RU,1679758622
504,ocos,14.5094,-92.1933,30.1,59,27,2.03,GT,1679758622
505,sinnamary,5.3833,-52.95,27.64,71,85,3.43,GF,1679758623
506,vallenar,-28.5708,-70.7581,25.32,51,2,2.64,CL,1679758623
507,krasnokamensk,50.0979,118.0369,-16.44,95,23,1.58,RU,1679758623
508,bilma,18.6853,12.9164,29.49,10,47,4.91,NE,1679758623
509,camabatela,-8.1881,15.375,21.39,87,91,1.44,AO,1679758623
510,batagay-alyta,67.8006,130.4114,-21.12,83,91,2.9,RU,1679758623
511,ust-tsilma,65.441,52.1498,-0.9,96,100,4.38,RU,1679758623
512,santo amaro da imperatriz,-27.6881,-48.7786,30.01,82,74,2.18,BR,1679758624
513,nata,8.3333,-80.5167,27.93,41,43,5.29,PA,1679758624
514,moose factory,51.2585,-80.6094,2.0,64,0,0.51,CA,1679758624
515,chumikan,54.7183,135.315,-8.75,81,3,7.24,RU,1679758624
516,izumo,35.3667,132.7667,10.97,84,100,3.22,JP,1679758624
517,kargasok,59.0556,80.8572,2.33,97,100,6.71,RU,1679758341
518,aranos,-24.1333,19.1167,31.62,13,2,1.77,NA,1679758625
519,eydhafushi,5.1033,73.0708,27.93,76,44,3.89,MV,1679758625
520,brae,60.3964,-1.353,3.89,59,89,8.1,GB,1679758625
521,manicore,-5.8092,-61.3003,27.97,83,40,1.03,BR,1679758625
522,certegui,5.3707,-76.6044,26.99,56,45,1.33,CO,1679758625
523,tateyama,34.9833,139.8667,11.72,89,100,6.66,JP,1679758625
524,fomboni,-12.28,43.7425,27.73,79,100,5.46,KM,1679758625
525,chakia,26.4167,85.05,26.78,34,1,3.09,IN,1679758626
526,katobu,-4.9408,122.5276,24.41,92,38,0.47,ID,1679758626
527,gamba,-2.65,10.0,28.08,71,45,3.77,GA,1679758626
528,lokosovo,61.1333,74.8167,2.19,100,100,2.92,RU,1679758626
529,wollongong,-34.4333,150.8833,19.58,92,89,2.18,AU,1679758626
530,bend,44.0582,-121.3153,-2.46,82,0,0.89,US,1679758626
531,oranjemund,-28.55,16.4333,19.85,83,2,4.13,NA,1679758626
532,gibara,21.1097,-76.1317,29.62,56,3,6.61,CU,1679758627
533,enid,36.3956,-97.8784,10.73,71,0,1.54,US,1679758627
534,nuuk,64.1835,-51.7216,-5.66,79,20,6.17,GL,1679758627
535,puerto cabello,10.4731,-68.0125,32.75,80,23,3.6,VE,1679758627
536,richards bay,-28.783,32.0377,25.88,74,71,7.37,ZA,1679758627
537,valle hermoso,25.6667,-97.8333,25.94,78,99,4.74,MX,1679758627
538,xiamen,24.4798,118.0819,16.03,94,100,3.0,CN,1679758627
539,puerto quijarro,-17.7833,-57.7667,35.04,42,50,1.9,BO,1679758627
540,acarau,-2.8856,-40.12,28.15,73,57,2.78,BR,1679758628
541,severodvinsk,64.5635,39.8302,0.06,100,100,0.61,RU,1679758628
542,henties bay,-22.116,14.2845,19.24,71,0,6.37,NA,1679758628
543,berdigestyakh,62.0989,126.6992,-5.49,95,100,3.9,RU,1679758628
544,sangar,63.9242,127.4739,-10.58,95,100,3.53,RU,1679758629
545,ginir,7.1333,40.7,16.48,83,99,0.82,ET,1679758629
546,chama,47.1821,8.4636,12.1,69,75,3.09,CH,1679758629
547,chernyshevskiy,63.0128,112.4714,-7.65,93,94,3.86,RU,1679758629
548,ribeira brava,32.65,-17.0667,24.84,66,95,2.98,PT,1679758629
549,atar,20.5169,-13.0499,34.44,15,1,4.68,MR,1679758629
550,veraval,20.9,70.3667,24.13,59,1,4.88,IN,1679758629
551,praia da vitoria,38.7333,-27.0667,17.09,82,40,7.31,PT,1679758629
552,sarasota,27.167,-82.3332,30.01,79,0,7.72,US,1679758629
553,saint george,37.1041,-113.5841,4.13,56,0,0.89,US,1679758630
554,coquimbo,-29.9533,-71.3436,17.85,88,100,2.57,CL,1679758593
555,liverpool,53.4106,-2.9779,13.75,68,40,6.17,GB,1679758630
556,porto recanati,43.4365,13.6613,22.16,57,10,5.97,IT,1679758630
557,rindal,63.0565,9.2124,-3.08,75,1,1.23,NO,1679758631
558,inongo,-1.95,18.2667,24.78,86,47,1.1,CD,1679758631
559,tilichiki,60.4667,166.1,-17.31,90,100,3.89,RU,1679758631
560,sao jose da coroa grande,-8.8978,-35.1478,28.72,69,44,3.89,BR,1679758631
561,peno,56.9262,32.7426,4.59,88,57,2.33,RU,1679758631
562,lucapa,-8.4192,20.7447,21.13,88,100,1.22,AO,1679758631
563,tulun,54.5611,100.5792,-3.58,96,100,1.18,RU,1679758631
564,borovoy,55.4333,86.0833,2.6,64,40,5.0,RU,1679758631
565,yamada,39.4667,141.95,4.14,87,87,1.99,JP,1679758632
566,dehloran,32.6941,47.2679,23.22,41,0,4.23,IR,1679758632
567,jaciara,-15.9653,-54.9683,29.56,62,13,2.26,BR,1679758632
568,nizhniy odes,63.6445,54.856,-1.34,92,100,3.98,RU,1679758632
569,jinchang,38.4953,102.1739,7.34,26,100,1.26,CN,1679758632
570,alyangula,-13.8483,136.4192,26.9,79,25,5.03,AU,1679758632
571,pontal do parana,-25.6533,-48.5128,28.88,61,83,2.62,BR,1679758632
572,creel,27.75,-107.6333,11.56,11,0,5.71,MX,1679758633
573,vredendal,-31.6683,18.5012,21.32,71,71,6.87,ZA,1679758633
574,slave lake,55.2834,-114.769,-5.01,80,100,0.0,CA,1679758633
